Configuration,Term,term_label,Prefix,Suffix,Lande,lande_g,leading_pct,Reference,Z,A,proton_number,neutron_number,J,S_qn,L_qn,parity,Level (cm-1),Uncertainty (cm-1),1s,2s,2p,3s,3p,3d,4s,4p,4d,5s,5p,5d,6s,6p
3d7.(4P).4s2.(1S),4P,,,,2.651,2.651,,Co-atom-AI,27,59,27,32,0.5,1.5,1,0,14399.22,,2,2,6,2,6,7,2,0,0,0,0,0,0,0
3d8.(3P).4s.(2S),4P,,,,2.682,2.682,,Co-atom-AI,27,59,27,32,0.5,1.5,1,0,16195.61,,2,2,6,2,6,8,1,0,0,0,0,0,0,0
3d8.(3P).4s.(2S),2P,,,,0.695,0.695,,Co-atom-AI,27,59,27,32,0.5,0.5,1,0,18774.99,,2,2,6,2,6,8,1,0,0,0,0,0,0,0
3d7.(2P).4s2.(1S),2P,,,,0.68,0.68,,Co-atom-AI,27,59,27,32,0.5,0.5,1,0,21215.859,,2,2,6,2,6,7,2,0,0,0,0,0,0,0
3d7.(4F).4s5.(3S),6F,,,,-0.666,-0.666,,Co-atom-AI,27,59,27,32,0.5,2.5,3,0,47528.406,,2,2,6,2,3,7,5,0,0,0,0,0,0,0
3d8.(3F).4d.(2D),4D,,,,0.48,0.48,,Co-atom-AI,27,59,27,32,0.5,1.5,2,0,52040.836,,2,2,6,2,6,8,0,0,1,0,0,0,0,0
3d8.(3F).4d.(2D),4P,,,,1.58,1.58,,Co-atom-AI,27,59,27,32,0.5,1.5,1,0,52634.543,,2,2,6,2,6,8,0,0,1,0,0,0,0,0
3d8.(3F).4d.(2D),2P,,,,1.014322,1.014322,,Co-atom-AI,27,59,27,32,0.5,0.5,1,0,52715.711,,2,2,6,2,6,8,0,0,1,0,0,0,0,0
3d7.(4F).4s4.(1D),4D,,,,0.39449,0.39449,,Co-atom-AI,27,59,27,32,0.5,1.5,2,0,54949.777,,2,2,6,2,4,7,4,0,0,0,0,0,0,0
3d7.(4F).4s4.(3D),6F,,,,0.364893,0.364893,,Co-atom-AI,27,59,27,32,0.5,2.5,3,0,55288.625,,2,2,6,2,4,7,4,0,0,0,0,0,0,0
3d7.(4F).4s4.(3D),6D,,,,2.054554,2.054554,,Co-atom-AI,27,59,27,32,0.5,2.5,2,0,55407.094,,2,2,6,2,4,7,4,0,0,0,0,0,0,0
3d7.(4F).4s4.(1D),4P,,,,2.527472,2.527472,,Co-atom-AI,27,59,27,32,0.5,1.5,1,0,55826.805,,2,2,6,2,4,7,4,0,0,0,0,0,0,0
3d7.(4F).4s2.(1S),4F,,,,0.3994,0.3994,,Co-atom-AI,27,59,27,32,1.5,1.5,3,0,1809.313,,2,2,6,2,6,7,2,0,0,0,0,0,0,0
3d8.(3F).4s.(2S),4F,,,,0.404,0.404,,Co-atom-AI,27,59,27,32,1.5,1.5,3,0,5075.788,,2,2,6,2,6,8,1,0,0,0,0,0,0,0
3d7.(4P).4s2.(1S),4P,,,,1.722,1.722,,Co-atom-AI,27,59,27,32,1.5,1.5,1,0,14036.241,,2,2,6,2,6,7,2,0,0,0,0,0,0,0
3d8.(3P).4s.(2S),4P,,,,1.476,1.476,,Co-atom-AI,27,59,27,32,1.5,1.5,1,0,15774.009,,2,2,6,2,6,8,1,0,0,0,0,0,0,0
3d8.(1D).4s.(2S),2D,,,,1.101,1.101,,Co-atom-AI,27,59,27,32,1.5,0.5,2,0,16470.598,,2,2,6,2,6,8,1,0,0,0,0,0,0,0
3d8.(3P).4s.(2S),2P,,,,1.3,1.3,,Co-atom-AI,27,59,27,32,1.5,0.5,1,0,18389.549,,2,2,6,2,6,8,1,0,0,0,0,0,0,0
3d7.(2P).4s2.(1S),2P,,,,1.284,1.284,,Co-atom-AI,27,59,27,32,1.5,0.5,1,0,20500.672,,2,2,6,2,6,7,2,0,0,0,0,0,0,0
3d7.(2D).4s2.(1S),2D,,,,0.955,0.955,,Co-atom-AI,27,59,27,32,1.5,0.5,2,0,23152.539,,2,2,6,2,6,7,2,0,0,0,0,0,0,0
3d9,2D,,,,0.907,0.907,,Co-atom-AI,27,59,27,32,1.5,0.5,2,0,28470.445,,2,2,6,2,6,9,0,0,0,0,0,0,0,0
3d8.(3F).5s.(2S),4F,,,,0.44,0.44,,Co-atom-AI,27,59,27,32,1.5,1.5,3,0,46375.125,,2,2,6,2,6,8,0,0,0,1,0,0,0,0
3d7.(4F).4s5.(3S),6F,,,,1.054,1.054,,Co-atom-AI,27,59,27,32,1.5,2.5,3,0,47364.656,,2,2,6,2,3,7,5,0,0,0,0,0,0,0
3d7.(4F).4s5.(3S),4F,,,,0.401,0.401,,Co-atom-AI,27,59,27,32,1.5,1.5,3,0,49078.387,,2,2,6,2,3,7,5,0,0,0,0,0,0,0
3d8.(3F).4d.(2D),2P,,,,1.368,1.368,,Co-atom-AI,27,59,27,32,1.5,0.5,1,0,51200.562,,2,2,6,2,6,8,0,0,1,0,0,0,0,0
3d8.(3F).4d,4D,,,,1.4,1.4,,Co-atom-AI,27,59,27,32,1.5,1.5,2,0,52033.227,,2,2,6,2,6,8,0,0,1,0,0,0,0,0
3d8.(3F).4d,4P,,,,1.243687,1.243687,,Co-atom-AI,27,59,27,32,1.5,1.5,1,0,52264.328,,2,2,6,2,6,8,0,0,1,0,0,0,0,0
3d8.(3F).4d,4F,,,,0.76,0.76,,Co-atom-AI,27,59,27,32,1.5,1.5,3,0,52702.691,,2,2,6,2,6,8,0,0,1,0,0,0,0,0
3d8.(3F).4d,2D,,,,0.8,0.8,,Co-atom-AI,27,59,27,32,1.5,0.5,2,0,53343.188,,2,2,6,2,6,8,0,0,1,0,0,0,0,0
3d7.(4F).4s5.(3S),4F,,,,0.422,0.422,,Co-atom-AI,27,59,27,32,1.5,1.5,3,0,54426.621,,2,2,6,2,3,7,5,0,0,0,0,0,0,0
3d7.(4F).4s4.(1D),4D,,,,1.355179,1.355179,,Co-atom-AI,27,59,27,32,1.5,1.5,2,0,54514.641,,2,2,6,2,4,7,4,0,0,0,0,0,0,0
3d7.(4F).4s4.(3D),6D,,,,2.134,2.134,,Co-atom-AI,27,59,27,32,1.5,2.5,2,0,54949.879,,2,2,6,2,4,7,4,0,0,0,0,0,0,0
3d7.(4F).4s4.(3D),6F,,,,1.46,1.46,,Co-atom-AI,27,59,27,32,1.5,2.5,3,0,55078.648,,2,2,6,2,4,7,4,0,0,0,0,0,0,0
3d7.(4F).4s4.(3D),6G,,,,0.811884,0.811884,,Co-atom-AI,27,59,27,32,1.5,2.5,4,0,55389.652,,2,2,6,2,4,7,4,0,0,0,0,0,0,0
3d7.(4F).4s4.(3D),6P,,,,1.166633,1.166633,,Co-atom-AI,27,59,27,32,1.5,2.5,1,0,55447.574,,2,2,6,2,4,7,4,0,0,0,0,0,0,0
3d8.(3F).6s.(2s),4F,,,,1.07,1.07,,Co-atom-AI,27,59,27,32,1.5,1.5,3,0,55577.297,,2,2,6,2,6,8,0,0,0,0,0,0,1,0
3d7.(4F).4s4.(3D),6P,,,,1.619318,1.619318,,Co-atom-AI,27,59,27,32,1.5,2.5,1,0,55635.984,,2,2,6,2,4,7,4,0,0,0,0,0,0,0
3d8.(1D).5s.(2S),2D,,,,1.281974,1.281974,,Co-atom-AI,27,59,27,32,1.5,0.5,2,0,55721.188,,2,2,6,2,6,8,0,0,0,1,0,0,0,0
3d7.(4F).4s2.(1S),4F,,,,1.02826,1.02826,,Co-atom-AI,27,59,27,32,2.5,1.5,3,0,1406.852,,2,2,6,2,6,7,2,0,0,0,0,0,0,0
3d8.(3F).4s.(2S),4F,,,,1.02709,1.02709,,Co-atom-AI,27,59,27,32,2.5,1.5,3,0,4690.141,,2,2,6,2,6,8,1,0,0,0,0,0,0,0
3d8.(3F).4s.(2S),2F,,,,0.862,0.862,,Co-atom-AI,27,59,27,32,2.5,0.5,3,0,8460.783,,2,2,6,2,6,8,1,0,0,0,0,0,0,0
3d7.(4P).4s2.(1S),4P,,,,1.604,1.604,,Co-atom-AI,27,59,27,32,2.5,1.5,1,0,13795.491,,2,2,6,2,6,7,2,0,0,0,0,0,0,0
3d8.(3P).4s.(2S),4P,,,,1.515,1.515,,Co-atom-AI,27,59,27,32,2.5,1.5,1,0,15184.013,,2,2,6,2,6,8,1,0,0,0,0,0,0,0
3d8.(1D).4s.(2S),2D,,,,1.296,1.296,,Co-atom-AI,27,59,27,32,2.5,0.5,2,0,16778.145,,2,2,6,2,6,8,1,0,0,0,0,0,0,0
3d7.(2D).4s2.(1S),2D,,,,1.18,1.18,,Co-atom-AI,27,59,27,32,2.5,0.5,2,0,21920.047,,2,2,6,2,6,7,2,0,0,0,0,0,0,0
3d9,2D,,,,1.2,1.2,,Co-atom-AI,27,59,27,32,2.5,0.5,2,0,27496.998,,2,2,6,2,6,9,0,0,0,0,0,0,0,0
3d8.(3F).5s.(2S),4F,,,,1.01,1.01,,Co-atom-AI,27,59,27,32,2.5,1.5,3,0,45876.527,,2,2,6,2,6,8,0,0,0,1,0,0,0,0
3d8.(3F).5s.(2S),2F,,,,0.49,0.49,,Co-atom-AI,27,59,27,32,2.5,0.5,3,0,46745.988,,2,2,6,2,6,8,0,0,0,1,0,0,0,0
3d7.(4F).4s5.(3S),6F,,,,1.301,1.301,,Co-atom-AI,27,59,27,32,2.5,2.5,3,0,47090.582,,2,2,6,2,3,7,5,0,0,0,0,0,0,0
3d7.(4F).4s5.(3S),4F,,,,1.041,1.041,,Co-atom-AI,27,59,27,32,2.5,1.5,3,0,48718.52,,2,2,6,2,3,7,5,0,0,0,0,0,0,0
3d8.(3F).4d.(2D),4P,,,,1.59,1.59,,Co-atom-AI,27,59,27,32,2.5,1.5,1,0,51042.172,,2,2,6,2,6,8,0,0,1,0,0,0,0,0
3d8.(3F).4d.(2D),4D,,,,1.354,1.354,,Co-atom-AI,27,59,27,32,2.5,1.5,2,0,51560.711,,2,2,6,2,6,8,0,0,1,0,0,0,0,0
3d8.(3F).4d.(2D),2F,,,,1.08,1.08,,Co-atom-AI,27,59,27,32,2.5,0.5,3,0,52069.938,,2,2,6,2,6,8,0,0,1,0,0,0,0,0
3d8.(3F).4d.(2D),4F,,,,0.92,0.92,,Co-atom-AI,27,59,27,32,2.5,1.5,3,0,52460.039,,2,2,6,2,6,8,0,0,1,0,0,0,0,0
3d8.(3F).4d.(2D),4G,,,,0.74,0.74,,Co-atom-AI,27,59,27,32,2.5,1.5,4,0,52772.227,,2,2,6,2,6,8,0,0,1,0,0,0,0,0
3d8.(3F).4d.(2D),2D,,,,1.13,1.13,,Co-atom-AI,27,59,27,32,2.5,0.5,2,0,52970.594,,2,2,6,2,6,8,0,0,1,0,0,0,0,0
3d7.(4F).4s5.(3S),2F,,,,0.923,0.923,,Co-atom-AI,27,59,27,32,2.5,0.5,3,0,53704.09,,2,2,6,2,3,7,5,0,0,0,0,0,0,0
3d7.(4F).4s4.(1D),4D,,,,1.46,1.46,,Co-atom-AI,27,59,27,32,2.5,1.5,2,0,53936.621,,2,2,6,2,4,7,4,0,0,0,0,0,0,0
3d7.(4F).4s5.(3S),4F,,,,0.986,0.986,,Co-atom-AI,27,59,27,32,2.5,1.5,3,0,54258.703,,2,2,6,2,3,7,5,0,0,0,0,0,0,0
3d7.(4F).4s4.(3D),6P,,,,1.594,1.594,,Co-atom-AI,27,59,27,32,2.5,2.5,1,0,54445.531,,2,2,6,2,4,7,4,0,0,0,0,0,0,0
3d7.(4F).4s4.(3D),6F,,,,1.323,1.323,,Co-atom-AI,27,59,27,32,2.5,2.5,3,0,54561.68,,2,2,6,2,4,7,4,0,0,0,0,0,0,0
3d7.(4F).4s4.(1D),4G,,,,0.85,0.85,,Co-atom-AI,27,59,27,32,2.5,1.5,4,0,54904.98,,2,2,6,2,4,7,4,0,0,0,0,0,0,0
3d7.(4F).4s4.(3D),6F,,,,1.47,1.47,,Co-atom-AI,27,59,27,32,2.5,2.5,3,0,54946.922,,2,2,6,2,4,7,4,0,0,0,0,0,0,0
3d8.(3F).6s.(2S),4F,,,,0.960312,0.960312,,Co-atom-AI,27,59,27,32,2.5,1.5,3,0,55165.691,,2,2,6,2,6,8,0,0,0,0,0,0,1,0
3d7.(4F).4s4.(3D),6G,,,,1.17,1.17,,Co-atom-AI,27,59,27,32,2.5,2.5,4,0,55282.93,,2,2,6,2,4,7,4,0,0,0,0,0,0,0
3d7.(4F).4s4.(3D),6D,,,,1.199,1.199,,Co-atom-AI,27,59,27,32,2.5,2.5,2,0,55449.965,,2,2,6,2,4,7,4,0,0,0,0,0,0,0
3d7.(4F).4s4.(3D),6H,,,,0.49953,0.49953,,Co-atom-AI,27,59,27,32,2.5,2.5,5,0,55632.02,,2,2,6,2,4,7,4,0,0,0,0,0,0,0
3d7.(4P).4s5.(3S),6P,,,,1.763491,1.763491,,Co-atom-AI,27,59,27,32,2.5,2.5,1,0,60262.465,,2,2,6,2,3,7,5,0,0,0,0,0,0,0
3d7.(4F).4s2.(1S),4F,,,,1.23778,1.23778,,Co-atom-AI,27,59,27,32,3.5,1.5,3,0,816.0,,2,2,6,2,6,7,2,0,0,0,0,0,0,0
3d8.(3F).4s.(2S),4F,,,,1.23661,1.23661,,Co-atom-AI,27,59,27,32,3.5,1.5,3,0,4142.631,,2,2,6,2,6,8,1,0,0,0,0,0,0,0
3d8.(3F).4s.(2S),2F,,,,1.147,1.147,,Co-atom-AI,27,59,27,32,3.5,0.5,3,0,7442.399,,2,2,6,2,6,8,1,0,0,0,0,0,0,0
3d7.(2G).4s2.(1S),2G,,,,0.883,0.883,,Co-atom-AI,27,59,27,32,3.5,0.5,4,0,17233.619,,2,2,6,2,6,7,2,0,0,0,0,0,0,0
3d8.(1G).4s.(2S),2G,,,,0.883,0.883,,Co-atom-AI,27,59,27,32,3.5,0.5,4,0,23207.76,,2,2,6,2,6,8,1,0,0,0,0,0,0,0
3d8.(3F).5s.(2S),4F,,,,1.21,1.21,,Co-atom-AI,27,59,27,32,3.5,1.5,3,0,45105.559,,2,2,6,2,6,8,0,0,0,1,0,0,0,0
3d8.(3F).5s.(2S),2F,,,,1.14,1.14,,Co-atom-AI,27,59,27,32,3.5,0.5,3,0,45924.945,,2,2,6,2,6,8,0,0,0,1,0,0,0,0
3d7.(4F).4s5.(3S),6F,,,,1.396,1.396,,Co-atom-AI,27,59,27,32,3.5,2.5,3,0,46706.766,,2,2,6,2,3,7,5,0,0,0,0,0,0,0
3d7.(4F).4s5.(3S),4F,,,,1.226,1.226,,Co-atom-AI,27,59,27,32,3.5,1.5,3,0,48201.555,,2,2,6,2,3,7,5,0,0,0,0,0,0,0
3d8.(3F).4d.(2D),4D,,,,1.402,1.402,,Co-atom-AI,27,59,27,32,3.5,1.5,2,0,51052.914,,2,2,6,2,6,8,0,0,1,0,0,0,0,0
3d8.(3F).4d.(2D),2F,,,,1.16,1.16,,Co-atom-AI,27,59,27,32,3.5,0.5,3,0,51199.535,,2,2,6,2,6,8,0,0,1,0,0,0,0,0
3d8.(3F).4d.(2D),4G,,,,1.118,1.118,,Co-atom-AI,27,59,27,32,3.5,1.5,4,0,52094.949,,2,2,6,2,6,8,0,0,1,0,0,0,0,0
3d8.(3F).4d.(2D),2G,,,,1.13,1.13,,Co-atom-AI,27,59,27,32,3.5,0.5,4,0,52161.961,,2,2,6,2,6,8,0,0,1,0,0,0,0,0
3d8.(3F).4d.(2D),4H,,,,0.896,0.896,,Co-atom-AI,27,59,27,32,3.5,1.5,5,0,52716.641,,2,2,6,2,6,8,0,0,1,0,0,0,0,0
3d7.(4F).4s5.(3S),2F,,,,0.933,0.933,,Co-atom-AI,27,59,27,32,3.5,0.5,3,0,52763.613,,2,2,6,2,3,7,5,0,0,0,0,0,0,0
3d8.(3F).4d.(2D),2G,,,,0.92,0.92,,Co-atom-AI,27,59,27,32,3.5,0.5,4,0,52856.617,,2,2,6,2,6,8,0,0,1,0,0,0,0,0
3d7.(4F).4s4.(1D),4D,,,,1.377,1.377,,Co-atom-AI,27,59,27,32,3.5,1.5,2,0,53702.09,,2,2,6,2,4,7,4,0,0,0,0,0,0,0
3d7.(4F).4s5.(3S),4F,,,,1.28,1.28,,Co-atom-AI,27,59,27,32,3.5,1.5,3,0,53694.527,,2,2,6,2,3,7,5,0,0,0,0,0,0,0
3d7.(4F).4s4.(3D),6P,,,,1.635,1.635,,Co-atom-AI,27,59,27,32,3.5,2.5,1,0,53789.094,,2,2,6,2,4,7,4,0,0,0,0,0,0,0
3d8.(3F).6s.(2S),2F,,,,1.182391,1.182391,,Co-atom-AI,27,59,27,32,3.5,0.5,3,0,54282.77,,2,2,6,2,6,8,0,0,0,0,0,0,1,0
3d7.(4F).4s4.(3D),6F,,,,1.48,1.48,,Co-atom-AI,27,59,27,32,3.5,2.5,3,0,54352.234,,2,2,6,2,4,7,4,0,0,0,0,0,0,0
3d7.(4F).4s4.(1D),4G,,,,1.15719,1.15719,,Co-atom-AI,27,59,27,32,3.5,1.5,4,0,54477.004,,2,2,6,2,4,7,4,0,0,0,0,0,0,0
3d7.(4F).4s4.(3D),6D,,,,1.27,1.27,,Co-atom-AI,27,59,27,32,3.5,2.5,2,0,54896.488,,2,2,6,2,4,7,4,0,0,0,0,0,0,0
3d8.(3F).6s.(2S),4F,,,,1.23,1.23,,Co-atom-AI,27,59,27,32,3.5,1.5,3,0,54989.789,,2,2,6,2,6,8,0,0,0,0,0,0,1,0
3d7.(4F).4s4.(1D),4H,,,,0.857,0.857,,Co-atom-AI,27,59,27,32,3.5,1.5,5,0,55268.648,,2,2,6,2,4,7,4,0,0,0,0,0,0,0
3d7.(4F).4s4.(3D),6H,,,,0.922,0.922,,Co-atom-AI,27,59,27,32,3.5,2.5,5,0,55520.555,,2,2,6,2,4,7,4,0,0,0,0,0,0,0
3d7.(4F).4s4.(1D),4F,,,,1.098652,1.098652,,Co-atom-AI,27,59,27,32,3.5,1.5,3,0,55598.719,,2,2,6,2,4,7,4,0,0,0,0,0,0,0
3d8.(3F).5d.(2D),4D,,,,1.381378,1.381378,,Co-atom-AI,27,59,27,32,3.5,1.5,2,0,56644.156,,2,2,6,2,6,8,0,0,0,0,0,1,0,0
3d8.(3F).5d.(2D),2F,,,,1.12588,1.12588,,Co-atom-AI,27,59,27,32,3.5,0.5,3,0,56677.996,,2,2,6,2,6,8,0,0,0,0,0,1,0,0
3d7.(4F).4s6.(3S),6F,,,,1.376082,1.376082,,Co-atom-AI,27,59,27,32,3.5,2.5,3,0,57813.258,,2,2,6,2,2,7,6,0,0,0,0,0,0,0
3d7.(4P).4s5.(3S),6P,,,,1.631369,1.631369,,Co-atom-AI,27,59,27,32,3.5,2.5,1,0,60019.605,,2,2,6,2,3,7,5,0,0,0,0,0,0,0
3d7.(4F).4s2.(1S),4F,,,,1.33289,1.33289,,Co-atom-AI,27,59,27,32,4.5,1.5,3,0,0.0,,2,2,6,2,6,7,2,0,0,0,0,0,0,0
3d8.(3F).4s.(2S),4F,,,,1.33343,1.33343,,Co-atom-AI,27,59,27,32,4.5,1.5,3,0,3482.78,,2,2,6,2,6,8,1,0,0,0,0,0,0,0
3d7.(2G).4s2.(1S),2G,,,,1.109,1.109,,Co-atom-AI,27,59,27,32,4.5,0.5,4,0,16467.832,,2,2,6,2,6,7,2,0,0,0,0,0,0,0
3d7.(2H).4s2.(1S),2H,,,,0.921,0.921,,Co-atom-AI,27,59,27,32,4.5,0.5,5,0,22475.303,,2,2,6,2,6,7,2,0,0,0,0,0,0,0
3d8.(1G).4s.(2S),2G,,,,1.098,1.098,,Co-atom-AI,27,59,27,32,4.5,0.5,4,0,23184.197,,2,2,6,2,6,8,1,0,0,0,0,0,0,0
3d8.(3F).5s.(2S),4F,,,,1.33,1.33,,Co-atom-AI,27,59,27,32,4.5,1.5,3,0,44782.082,,2,2,6,2,6,8,0,0,0,1,0,0,0,0
3d7.(4F).4s5.(3S),6F,,,,1.443,1.443,,Co-atom-AI,27,59,27,32,4.5,2.5,3,0,46222.945,,2,2,6,2,3,7,5,0,0,0,0,0,0,0
3d7.(4F).4s5.(3S),4F,,,,1.328,1.328,,Co-atom-AI,27,59,27,32,4.5,1.5,3,0,47524.434,,2,2,6,2,3,7,5,0,0,0,0,0,0,0
3d8.(3F).4d.(2D),4F,,,,1.337,1.337,,Co-atom-AI,27,59,27,32,4.5,1.5,3,0,51170.074,,2,2,6,2,6,8,0,0,1,0,0,0,0,0
3d8.(3F).4d.(2D),2G,,,,1.083,1.083,,Co-atom-AI,27,59,27,32,4.5,0.5,4,0,51267.867,,2,2,6,2,6,8,0,0,1,0,0,0,0,0
3d8.(3F).4d.(2D),4H,,,,0.96,0.96,,Co-atom-AI,27,59,27,32,4.5,1.5,5,0,52121.137,,2,2,6,2,6,8,0,0,1,0,0,0,0,0
3d8.(3F).4d.(2D),4G,,,,1.12,1.12,,Co-atom-AI,27,59,27,32,4.5,1.5,4,0,52156.395,,2,2,6,2,6,8,0,0,1,0,0,0,0,0
3d8.(3F).4d.(2D),2H,,,,0.97,0.97,,Co-atom-AI,27,59,27,32,4.5,0.5,5,0,52775.398,,2,2,6,2,6,8,0,0,1,0,0,0,0,0
3d7.(4F).4s5.(3S),4F,,,,1.307,1.307,,Co-atom-AI,27,59,27,32,4.5,1.5,3,0,52864.352,,2,2,6,2,3,7,5,0,0,0,0,0,0,0
3d7.(4F).4s4.(3D),6F,,,,1.387,1.387,,Co-atom-AI,27,59,27,32,4.5,2.5,3,0,53725.109,,2,2,6,2,4,7,4,0,0,0,0,0,0,0
3d7.(4F).4s4.(1D),4G,,,,1.316,1.316,,Co-atom-AI,27,59,27,32,4.5,1.5,4,0,53788.715,,2,2,6,2,4,7,4,0,0,0,0,0,0,0
3d8.(3F).6s.(2S),4F,,,,1.25,1.25,,Co-atom-AI,27,59,27,32,4.5,1.5,3,0,54158.121,,2,2,6,2,6,8,0,0,0,0,0,0,1,0
3d7.(4F).4s4.(3D),6D,,,,1.403,1.403,,Co-atom-AI,27,59,27,32,4.5,2.5,2,0,54356.348,,2,2,6,2,4,7,4,0,0,0,0,0,0,0
3d7.(4F).4s4.(1D),4F,,,,1.23,1.23,,Co-atom-AI,27,59,27,32,4.5,1.5,3,0,54682.812,,2,2,6,2,4,7,4,0,0,0,0,0,0,0
3d7.(4F).4s4.(1D),4H,,,,1.1,1.1,,Co-atom-AI,27,59,27,32,4.5,1.5,5,0,54860.879,,2,2,6,2,4,7,4,0,0,0,0,0,0,0
3d7.(4F).4s4.(3D),6H,,,,1.260534,1.260534,,Co-atom-AI,27,59,27,32,4.5,2.5,5,0,54989.32,,2,2,6,2,4,7,4,0,0,0,0,0,0,0
3d7.(4F).4s4.(3D),6H,,,,1.108,1.108,,Co-atom-AI,27,59,27,32,4.5,2.5,5,0,55313.055,,2,2,6,2,4,7,4,0,0,0,0,0,0,0
3d8.(3F).5d.(2D),4F,,,,1.264759,1.264759,,Co-atom-AI,27,59,27,32,4.5,1.5,3,0,56637.391,,2,2,6,2,6,8,0,0,0,0,0,1,0,0
3d7.(4F).4s6.(3S),6F,,,,1.411234,1.411234,,Co-atom-AI,27,59,27,32,4.5,2.5,3,0,57261.621,,2,2,6,2,2,7,6,0,0,0,0,0,0,0
3d7.(2H).4s2.(1S),2H,,,,1.1,1.1,,Co-atom-AI,27,59,27,32,4.5,0.5,5,0,21780.441,,2,2,6,2,6,7,2,0,0,0,0,0,0,0
3d7.(4F).4s5.(3S),6F,,,,1.475,1.475,,Co-atom-AI,27,59,27,32,4.5,2.5,3,0,45675.938,,2,2,6,2,3,7,5,0,0,0,0,0,0,0
3d8.(3F).4d.(2D),4G,,,,1.147,1.147,,Co-atom-AI,27,59,27,32,4.5,1.5,4,0,51174.23,,2,2,6,2,6,8,0,0,1,0,0,0,0,0
3d8.(3F).4d.(2D),2H,,,,1.218,1.218,,Co-atom-AI,27,59,27,32,4.5,0.5,5,0,51203.691,,2,2,6,2,6,8,0,0,1,0,0,0,0,0
3d8.(3F).4d.(2D),4H,,,,1.13,1.13,,Co-atom-AI,27,59,27,32,4.5,1.5,5,0,52113.844,,2,2,6,2,6,8,0,0,1,0,0,0,0,0
3d7.(4F).4s4.(1D),4G,,,,1.274,1.274,,Co-atom-AI,27,59,27,32,4.5,1.5,4,0,53511.734,,2,2,6,2,4,7,4,0,0,0,0,0,0,0
3d7.(4F).4s4.(3D),6F,,,,1.421,1.421,,Co-atom-AI,27,59,27,32,4.5,2.5,3,0,53660.238,,2,2,6,2,4,7,4,0,0,0,0,0,0,0
3d7.(4F).4s4.(1D),4H,,,,1.168,1.168,,Co-atom-AI,27,59,27,32,4.5,1.5,5,0,54315.609,,2,2,6,2,4,7,4,0,0,0,0,0,0,0
3d7.(4F).4s4.(3D),6G,,,,1.32,1.32,,Co-atom-AI,27,59,27,32,4.5,2.5,4,0,54367.332,,2,2,6,2,4,7,4,0,0,0,0,0,0,0
3d7.(4F).4s4.(3D),6H,,,,1.22,1.22,,Co-atom-AI,27,59,27,32,4.5,2.5,5,0,54947.633,,2,2,6,2,4,7,4,0,0,0,0,0,0,0
3d7.(4F).4s6.(3S),6F,,,,1.455157,1.455157,,Co-atom-AI,27,59,27,32,4.5,2.5,3,0,56869.066,,2,2,6,2,2,7,6,0,0,0,0,0,0,0
3d8.(3F).4d.(2D),4H,,,,1.224,1.224,,Co-atom-AI,27,59,27,32,6.5,1.5,5,0,51142.457,,2,2,6,2,6,8,0,0,1,0,0,0,0,0
3d7.(4F).4s4.(1D),4H,,,,1.227,1.227,,Co-atom-AI,27,59,27,32,6.5,1.5,5,0,53617.984,,2,2,6,2,4,7,4,0,0,0,0,0,0,0
3d7.(4F).4s4.(3D),6G,,,,1.35,1.35,,Co-atom-AI,27,59,27,32,6.5,2.5,4,0,53728.23,,2,2,6,2,4,7,4,0,0,0,0,0,0,0
3d7.(4F).4s4.(3D),6H,,,,1.289,1.289,,Co-atom-AI,27,59,27,32,6.5,2.5,5,0,54452.305,,2,2,6,2,4,7,4,0,0,0,0,0,0,0
3d7.(4F).4s4.(3D),6H,,,,1.34,1.34,,Co-atom-AI,27,59,27,32,7.5,2.5,5,0,53821.957,,2,2,6,2,4,7,4,0,0,0,0,0,0,0
3d7.(4F).4s4.(3P),6F*,,,,-0.622,-0.622,,Coi-odd-atom-AI,27,59,27,32,0.5,2.5,3,1,25232.74,,2,2,6,2,4,7,4,0,0,0,0,0,0,0
3d7.(4F).4s4.(3P),6D*,,,,3.286,3.286,,Coi-odd-atom-AI,27,59,27,32,0.5,2.5,2,1,26250.469,,2,2,6,2,4,7,4,0,0,0,0,0,0,0
3d7.(4F).4s4.(3P),4D*,,,,-0.006,-0.006,,Coi-odd-atom-AI,27,59,27,32,0.5,1.5,2,1,30742.605,,2,2,6,2,4,7,4,0,0,0,0,0,0,0
3d8.(3F).4p.(2P),4D*,,,,0.012,0.012,,Coi-odd-atom-AI,27,59,27,32,0.5,1.5,2,1,33449.086,,2,2,6,2,6,8,0,1,0,0,0,0,0,0
3d7.(4F).4s4.(1P),4D*,,,,0.026,0.026,,Coi-odd-atom-AI,27,59,27,32,0.5,1.5,2,1,41101.756,,2,2,6,2,4,7,4,0,0,0,0,0,0,0
3d8.(3P).4p.(2P),4P*,,,,2.51,2.51,,Coi-odd-atom-AI,27,59,27,32,0.5,1.5,1,1,41969.827,,2,2,6,2,6,8,0,1,0,0,0,0,0,0
3d8.(1D).4p.(2P),2P*,,,,0.727,0.727,,Coi-odd-atom-AI,27,59,27,32,0.5,0.5,1,1,43130.181,,2,2,6,2,6,8,0,1,0,0,0,0,0,0
3d7.(4P).4s4.(3P),4D*,,,,0.169,0.169,,Coi-odd-atom-AI,27,59,27,32,0.5,1.5,2,1,43435.53,,2,2,6,2,4,7,4,0,0,0,0,0,0,0
3d7.(4P).4s4.(3P),2S*,,,,2.1,2.1,,Coi-odd-atom-AI,27,59,27,32,0.5,0.5,0,1,44454.455,,2,2,6,2,4,7,4,0,0,0,0,0,0,0
3d7.(2P).4s4.(3P),4P*,,,,2.371,2.371,,Coi-odd-atom-AI,27,59,27,32,0.5,1.5,1,1,44857.509,,2,2,6,2,4,7,4,0,0,0,0,0,0,0
3d7.(4P).4s4.(3P),4P*,,,,2.522,2.522,,Coi-odd-atom-AI,27,59,27,32,0.5,1.5,1,1,45957.191,,2,2,6,2,4,7,4,0,0,0,0,0,0,0
3d7.(2P).4s4.(3P),4D*,,,,0.161,0.161,,Coi-odd-atom-AI,27,59,27,32,0.5,1.5,2,1,46502.068,,2,2,6,2,4,7,4,0,0,0,0,0,0,0
3d8.(3P).4p.(2P),2P*,,,,0.656,0.656,,Coi-odd-atom-AI,27,59,27,32,0.5,0.5,1,1,47091.095,,2,2,6,2,6,8,0,1,0,0,0,0,0,0
3d7.(2P).4s4.(3P),4D*,,,,0.016,0.016,,Coi-odd-atom-AI,27,59,27,32,0.5,1.5,2,1,47905.198,,2,2,6,2,4,7,4,0,0,0,0,0,0,0
3d8.(3P).4p.(2P),2S*,,,,1.699,1.699,,Coi-odd-atom-AI,27,59,27,32,0.5,0.5,0,1,48026.24,,2,2,6,2,6,8,0,1,0,0,0,0,0,0
3d7.(2D).4s4.(3P),4D*,,,,0.452,0.452,,Coi-odd-atom-AI,27,59,27,32,0.5,1.5,2,1,48571.681,,2,2,6,2,4,7,4,0,0,0,0,0,0,0
3d7.(4P).4s4.(3P),2P*,,,,1.5,1.5,,Coi-odd-atom-AI,27,59,27,32,0.5,0.5,1,1,48837.688,,2,2,6,2,4,7,4,0,0,0,0,0,0,0
3d7.(2P).4s4.(3P),2S*,,,,1.365,1.365,,Coi-odd-atom-AI,27,59,27,32,0.5,0.5,0,1,49754.699,,2,2,6,2,4,7,4,0,0,0,0,0,0,0
3d7.(2P).4s4,2P*,,,,0.732,0.732,,Coi-odd-atom-AI,27,59,27,32,0.5,0.5,1,1,50945.437,,2,2,6,2,4,7,4,0,0,0,0,0,0,0
3d8.(3F).5p.(2P),4D*,,,,0.069,0.069,,Coi-odd-atom-AI,27,59,27,32,0.5,1.5,2,1,52263.935,,2,2,6,2,6,8,0,0,0,0,1,0,0,0
3d7.(2D).4s4,4P*,,,,2.304,2.304,,Coi-odd-atom-AI,27,59,27,32,0.5,1.5,1,1,52355.084,,2,2,6,2,4,7,4,0,0,0,0,0,0,0
3d7.(2D).4s4,2P*,,,,0.733,0.733,,Coi-odd-atom-AI,27,59,27,32,0.5,0.5,1,1,53962.567,,2,2,6,2,4,7,4,0,0,0,0,0,0,0
3d7.(4F).4s5.(1P),4D*,,,,0.626,0.626,,Coi-odd-atom-AI,27,59,27,32,0.5,1.5,2,1,56133.258,,2,2,6,2,3,7,5,0,0,0,0,0,0,0
3d7.(4F).4s4.(3P),6F*,,,,1.118,1.118,,Coi-odd-atom-AI,27,59,27,32,1.5,2.5,3,1,25041.111,,2,2,6,2,4,7,4,0,0,0,0,0,0,0
3d7.(4F).4s4.(3P),6D*,,,,1.812,1.812,,Coi-odd-atom-AI,27,59,27,32,1.5,2.5,2,1,26063.141,,2,2,6,2,4,7,4,0,0,0,0,0,0,0
3d7.(4F).4s4.(3P),6G*,,,,0.006,0.006,,Coi-odd-atom-AI,27,59,27,32,1.5,2.5,4,1,26597.594,,2,2,6,2,4,7,4,0,0,0,0,0,0,0
3d7.(4F).4s4.(3P),4F*,,,,0.41,0.41,,Coi-odd-atom-AI,27,59,27,32,1.5,1.5,3,1,29563.111,,2,2,6,2,4,7,4,0,0,0,0,0,0,0
3d7.(4F).4s4.(3P),4D*,,,,1.192,1.192,,Coi-odd-atom-AI,27,59,27,32,1.5,1.5,2,1,30443.596,,2,2,6,2,4,7,4,0,0,0,0,0,0,0
3d8.(3F).4p.(2P),4D*,,,,1.195,1.195,,Coi-odd-atom-AI,27,59,27,32,1.5,1.5,2,1,33150.616,,2,2,6,2,6,8,0,1,0,0,0,0,0,0
3d8.(3F).4p.(2P),4F*,,,,0.43,0.43,,Coi-odd-atom-AI,27,59,27,32,1.5,1.5,3,1,34196.147,,2,2,6,2,6,8,0,1,0,0,0,0,0,0
3d7.(4F).4s4.(3P),2D*,,,,0.787,0.787,,Coi-odd-atom-AI,27,59,27,32,1.5,0.5,2,1,34352.358,,2,2,6,2,4,7,4,0,0,0,0,0,0,0
3d8.(3F).4p.(2P),4D*,,,,0.794,0.794,,Coi-odd-atom-AI,27,59,27,32,1.5,1.5,2,1,36875.089,,2,2,6,2,6,8,0,1,0,0,0,0,0,0
3d7.(4P).4s4.(3P),6D*,,,,1.866,1.866,,Coi-odd-atom-AI,27,59,27,32,1.5,2.5,2,1,38980.822,,2,2,6,2,4,7,4,0,0,0,0,0,0,0
3d7.(4P).4s4.(3P),4S*,,,,2.017,2.017,,Coi-odd-atom-AI,27,59,27,32,1.5,1.5,0,1,40621.588,,2,2,6,2,4,7,4,0,0,0,0,0,0,0
3d7.(4F).4s4.(1P),4D*,,,,1.24,1.24,,Coi-odd-atom-AI,27,59,27,32,1.5,1.5,2,1,40827.712,,2,2,6,2,4,7,4,0,0,0,0,0,0,0
3d7.(4P).4s4.(3P),6P*,,,,2.34,2.34,,Coi-odd-atom-AI,27,59,27,32,1.5,2.5,1,1,41247.585,,2,2,6,2,4,7,4,0,0,0,0,0,0,0
3d8.(3P).4p.(2P),4P*,,,,1.732,1.732,,Coi-odd-atom-AI,27,59,27,32,1.5,1.5,1,1,41982.609,,2,2,6,2,6,8,0,1,0,0,0,0,0,0
3d7.(4F).4s4.(1P),4F*,,,,0.406,0.406,,Coi-odd-atom-AI,27,59,27,32,1.5,1.5,3,1,42796.626,,2,2,6,2,4,7,4,0,0,0,0,0,0,0
3d7.(4P).4s4.(3P),4D*,,,,1.191,1.191,,Coi-odd-atom-AI,27,59,27,32,1.5,1.5,2,1,43263.512,,2,2,6,2,4,7,4,0,0,0,0,0,0,0
3d8.(1D).4p.(2P),2D*,,,,1.12,1.12,,Coi-odd-atom-AI,27,59,27,32,1.5,0.5,2,1,43537.659,,2,2,6,2,6,8,0,1,0,0,0,0,0,0
3d8.(1D).4p.(2P),2P*,,,,1.127,1.127,,Coi-odd-atom-AI,27,59,27,32,1.5,0.5,1,1,43911.309,,2,2,6,2,6,8,0,1,0,0,0,0,0,0
3d7.(2G).4s4.(3P),4F*,,,,0.415,0.415,,Coi-odd-atom-AI,27,59,27,32,1.5,1.5,3,1,44555.647,,2,2,6,2,4,7,4,0,0,0,0,0,0,0
3d7.(2P).4s4.(3P),4P*,,,,1.674,1.674,,Coi-odd-atom-AI,27,59,27,32,1.5,1.5,1,1,44657.95,,2,2,6,2,4,7,4,0,0,0,0,0,0,0
3d8.(3P).4p.(2P),4S*,,,,1.674,1.674,,Coi-odd-atom-AI,27,59,27,32,1.5,1.5,0,1,45904.617,,2,2,6,2,6,8,0,1,0,0,0,0,0,0
3d7.(4P).4s4.(3P),2D*,,,,1.218,1.218,,Coi-odd-atom-AI,27,59,27,32,1.5,0.5,2,1,46186.336,,2,2,6,2,4,7,4,0,0,0,0,0,0,0
3d7.(4P).4s4.(3P),4P*,,,,1.508,1.508,,Coi-odd-atom-AI,27,59,27,32,1.5,1.5,1,1,46259.94,,2,2,6,2,4,7,4,0,0,0,0,0,0,0
3d8.(3P).4p.(2P),2D*,,,,1.273,1.273,,Coi-odd-atom-AI,27,59,27,32,1.5,0.5,2,1,46562.784,,2,2,6,2,6,8,0,1,0,0,0,0,0,0
3d7.(4P).4s4.(3P),2D*,,,,0.869,0.869,,Coi-odd-atom-AI,27,59,27,32,1.5,0.5,2,1,46454.883,,2,2,6,2,4,7,4,0,0,0,0,0,0,0
3d8.(3P).4p.(2P),2P*,,,,1.352,1.352,,Coi-odd-atom-AI,27,59,27,32,1.5,0.5,1,1,46685.371,,2,2,6,2,6,8,0,1,0,0,0,0,0,0
3d7.(2P).4s4.(3P),4D*,,,,1.122,1.122,,Coi-odd-atom-AI,27,59,27,32,1.5,1.5,2,1,47612.11,,2,2,6,2,4,7,4,0,0,0,0,0,0,0
3d7.(4P).4s4.(3P),2P*,,,,1.436,1.436,,Coi-odd-atom-AI,27,59,27,32,1.5,0.5,1,1,48334.327,,2,2,6,2,4,7,4,0,0,0,0,0,0,0
3d7.(2D).4s4.(3P),4D*,,,,1.05,1.05,,Coi-odd-atom-AI,27,59,27,32,1.5,1.5,2,1,48546.026,,2,2,6,2,4,7,4,0,0,0,0,0,0,0
3d7.(2P).4s4.(3P),4S*,,,,1.728,1.728,,Coi-odd-atom-AI,27,59,27,32,1.5,1.5,0,1,48753.666,,2,2,6,2,4,7,4,0,0,0,0,0,0,0
3d7.(4P).4s4.(3P),2P*,,,,1.099,1.099,,Coi-odd-atom-AI,27,59,27,32,1.5,0.5,1,1,49025.378,,2,2,6,2,4,7,4,0,0,0,0,0,0,0
3d7.(2D).4s4.(3P),4F*,,,,0.569,0.569,,Coi-odd-atom-AI,27,59,27,32,1.5,1.5,3,1,50104.979,,2,2,6,2,4,7,4,0,0,0,0,0,0,0
3d7.(2P).4s4.(3P),2P*,,,,1.34,1.34,,Coi-odd-atom-AI,27,59,27,32,1.5,0.5,1,1,50925.051,,2,2,6,2,4,7,4,0,0,0,0,0,0,0
3d8.(3F).5p.(2P),4D*,,,,1.11,1.11,,Coi-odd-atom-AI,27,59,27,32,1.5,1.5,2,1,51847.266,,2,2,6,2,6,8,0,0,0,0,1,0,0,0
3d7.(2D).4s4.(3P),4P*,,,,1.616,1.616,,Coi-odd-atom-AI,27,59,27,32,1.5,1.5,1,1,52014.412,,2,2,6,2,4,7,4,0,0,0,0,0,0,0
3d7.(2D).4s4.(3P),2D*,,,,0.823,0.823,,Coi-odd-atom-AI,27,59,27,32,1.5,0.5,2,1,53074.869,,2,2,6,2,4,7,4,0,0,0,0,0,0,0
3d7.(4F).4s5.(3P),6D*,,,,1.55,1.55,,Coi-odd-atom-AI,27,59,27,32,1.5,2.5,2,1,53738.086,,2,2,6,2,3,7,5,0,0,0,0,0,0,0
3d7.(2D).4s4.(3P),2P*,,,,1.353,1.353,,Coi-odd-atom-AI,27,59,27,32,1.5,0.5,1,1,54165.239,,2,2,6,2,4,7,4,0,0,0,0,0,0,0
3d7.(4F).4s5.(3P),6F*,,,,1.124,1.124,,Coi-odd-atom-AI,27,59,27,32,1.5,2.5,3,1,54129.14,,2,2,6,2,3,7,5,0,0,0,0,0,0,0
3d7.(4P).4s4.(1P),4S*,,,,1.959,1.959,,Coi-odd-atom-AI,27,59,27,32,1.5,1.5,0,1,55226.856,,2,2,6,2,4,7,4,0,0,0,0,0,0,0
3d7.(4P).4s4.(1P),4D*,,,,1.275,1.275,,Coi-odd-atom-AI,27,59,27,32,1.5,1.5,2,1,55430.283,,2,2,6,2,4,7,4,0,0,0,0,0,0,0
3d7.(4F).4s5.(3P),4D*,,,,1.103,1.103,,Coi-odd-atom-AI,27,59,27,32,1.5,1.5,2,1,55622.759,,2,2,6,2,3,7,5,0,0,0,0,0,0,0
3d7.(4F).4s5.(1P),4F*,,,,0.59,0.59,,Coi-odd-atom-AI,27,59,27,32,1.5,1.5,3,1,55737.807,,2,2,6,2,3,7,5,0,0,0,0,0,0,0
3d7.(4P).4s4.(3P),4P*,,,,1.31,1.31,,Coi-odd-atom-AI,27,59,27,32,1.5,1.5,1,1,55818.801,,2,2,6,2,4,7,4,0,0,0,0,0,0,0
3d7.(4F).4s4.(3P),6F*,,,,1.336,1.336,,Coi-odd-atom-AI,27,59,27,32,2.5,2.5,3,1,24733.253,,2,2,6,2,4,7,4,0,0,0,0,0,0,0
3d7.(4F).4s4.(3P),6D*,,,,1.612,1.612,,Coi-odd-atom-AI,27,59,27,32,2.5,2.5,2,1,25739.804,,2,2,6,2,4,7,4,0,0,0,0,0,0,0
3d7.(4F).4s4.(3P),6G*,,,,0.876,0.876,,Coi-odd-atom-AI,27,59,27,32,2.5,2.5,4,1,26449.912,,2,2,6,2,4,7,4,0,0,0,0,0,0,0
3d7.(4F).4s4.(3P),4F*,,,,1.033,1.033,,Coi-odd-atom-AI,27,59,27,32,2.5,1.5,3,1,29216.322,,2,2,6,2,4,7,4,0,0,0,0,0,0,0
3d7.(4F).4s4.(3P),4D*,,,,1.359,1.359,,Coi-odd-atom-AI,27,59,27,32,2.5,1.5,2,1,29948.73,,2,2,6,2,4,7,4,0,0,0,0,0,0,0
3d7.(4F).4s4.(3P),4G*,,,,0.577,0.577,,Coi-odd-atom-AI,27,59,27,32,2.5,1.5,4,1,30102.912,,2,2,6,2,4,7,4,0,0,0,0,0,0,0
3d8.(3F).4p.(2P),4D*,,,,1.366,1.366,,Coi-odd-atom-AI,27,59,27,32,2.5,1.5,2,1,32654.463,,2,2,6,2,6,8,0,1,0,0,0,0,0,0
3d7.(4F).4s4.(3P),2F*,,,,0.87,0.87,,Coi-odd-atom-AI,27,59,27,32,2.5,0.5,3,1,32781.672,,2,2,6,2,4,7,4,0,0,0,0,0,0,0
3d7.(4F).4s4.(3P),2D*,,,,1.186,1.186,,Coi-odd-atom-AI,27,59,27,32,2.5,0.5,2,1,33462.795,,2,2,6,2,4,7,4,0,0,0,0,0,0,0
3d8.(3F).4p.(2P),4G*,,,,0.704,0.704,,Coi-odd-atom-AI,27,59,27,32,2.5,1.5,4,1,33674.326,,2,2,6,2,6,8,0,1,0,0,0,0,0,0
3d7.(4P).4s4.(3P),6S*,,,,2.0,2.0,,Coi-odd-atom-AI,27,59,27,32,2.5,2.5,0,1,33802.86,,2,2,6,2,4,7,4,0,0,0,0,0,0,0
3d8.(3F).4p.(2P),4F*,,,,0.9,0.9,,Coi-odd-atom-AI,27,59,27,32,2.5,1.5,3,1,33945.846,,2,2,6,2,6,8,0,1,0,0,0,0,0,0
3d8.(3F).4p.(2P),4D*,,,,1.186,1.186,,Coi-odd-atom-AI,27,59,27,32,2.5,1.5,2,1,36092.42,,2,2,6,2,6,8,0,1,0,0,0,0,0,0
3d8.(3F).4p.(2P),4F*,,,,0.892,0.892,,Coi-odd-atom-AI,27,59,27,32,2.5,1.5,3,1,36329.834,,2,2,6,2,6,8,0,1,0,0,0,0,0,0
3d7.(4P).4s4.(3P),6D*,,,,1.657,1.657,,Coi-odd-atom-AI,27,59,27,32,2.5,2.5,2,1,38902.844,,2,2,6,2,4,7,4,0,0,0,0,0,0,0
3d7.(4F).4s4.(1P),4D*,,,,1.37,1.37,,Coi-odd-atom-AI,27,59,27,32,2.5,1.5,2,1,40345.908,,2,2,6,2,4,7,4,0,0,0,0,0,0,0
3d7.(4P).4s4.(3P),6P*,,,,1.863,1.863,,Coi-odd-atom-AI,27,59,27,32,2.5,2.5,1,1,41104.912,,2,2,6,2,4,7,4,0,0,0,0,0,0,0
3d8.(3P).4p.(2P),4P*,,,,1.627,1.627,,Coi-odd-atom-AI,27,59,27,32,2.5,1.5,1,1,41968.824,,2,2,6,2,6,8,0,1,0,0,0,0,0,0
3d7.(4F).4s4.(1P),4F*,,,,1.024,1.024,,Coi-odd-atom-AI,27,59,27,32,2.5,1.5,3,1,42434.16,,2,2,6,2,4,7,4,0,0,0,0,0,0,0
3d7.(4F).4s4.(1P),4G*,,,,0.649,0.649,,Coi-odd-atom-AI,27,59,27,32,2.5,1.5,4,1,43199.624,,2,2,6,2,4,7,4,0,0,0,0,0,0,0
3d7.(4P).4s4.(3P),4D*,,,,1.101,1.101,,Coi-odd-atom-AI,27,59,27,32,2.5,1.5,2,1,43242.903,,2,2,6,2,4,7,4,0,0,0,0,0,0,0
3d8.(1D).4p.(2P),2F*,,,,1.119,1.119,,Coi-odd-atom-AI,27,59,27,32,2.5,0.5,3,1,43425.665,,2,2,6,2,6,8,0,1,0,0,0,0,0,0
3d8.(1D).4p.(2P),2D*,,,,1.23,1.23,,Coi-odd-atom-AI,27,59,27,32,2.5,0.5,2,1,43921.83,,2,2,6,2,6,8,0,1,0,0,0,0,0,0
3d7.(2G).4s4.(3P),4F*,,,,0.95,0.95,,Coi-odd-atom-AI,27,59,27,32,2.5,1.5,3,1,44201.849,,2,2,6,2,4,7,4,0,0,0,0,0,0,0
3d7.(2P).4s4.(3P),4P*,,,,1.557,1.557,,Coi-odd-atom-AI,27,59,27,32,2.5,1.5,1,1,44480.085,,2,2,6,2,4,7,4,0,0,0,0,0,0,0
3d7.(2G).4s4.(3P),4G*,,,,0.676,0.676,,Coi-odd-atom-AI,27,59,27,32,2.5,1.5,4,1,44568.409,,2,2,6,2,4,7,4,0,0,0,0,0,0,0
3d8.(3P).4p.(2P),2D*,,,,1.219,1.219,,Coi-odd-atom-AI,27,59,27,32,2.5,0.5,2,1,45688.071,,2,2,6,2,6,8,0,1,0,0,0,0,0,0
3d7.(4P).4s4.(3P),4P*,,,,1.543,1.543,,Coi-odd-atom-AI,27,59,27,32,2.5,1.5,1,1,46002.771,,2,2,6,2,4,7,4,0,0,0,0,0,0,0
3d7.(2P).4s4.(3P),4D*,,,,1.365,1.365,,Coi-odd-atom-AI,27,59,27,32,2.5,1.5,2,1,46329.575,,2,2,6,2,4,7,4,0,0,0,0,0,0,0
3d7.(4P).4s4.(3P),2D*,,,,1.233,1.233,,Coi-odd-atom-AI,27,59,27,32,2.5,0.5,2,1,46671.88,,2,2,6,2,4,7,4,0,0,0,0,0,0,0
3d7.(2G).4s4.(3P),2F*,,,,0.858,0.858,,Coi-odd-atom-AI,27,59,27,32,2.5,0.5,3,1,47128.898,,2,2,6,2,4,7,4,0,0,0,0,0,0,0
3d7.(2P).4s4.(3P),4D*,,,,1.324,1.324,,Coi-odd-atom-AI,27,59,27,32,2.5,1.5,2,1,47393.893,,2,2,6,2,4,7,4,0,0,0,0,0,0,0
3d7.(2D).4s4.(3P),4D*,,,,1.34,1.34,,Coi-odd-atom-AI,27,59,27,32,2.5,1.5,2,1,48443.716,,2,2,6,2,4,7,4,0,0,0,0,0,0,0
3d7.(2H).4s4.(3P),4G*,,,,0.619,0.619,,Coi-odd-atom-AI,27,59,27,32,2.5,1.5,4,1,48615.402,,2,2,6,2,4,7,4,0,0,0,0,0,0,0
3d7.(2P).4s4.(3P),2D*,,,,1.216,1.216,,Coi-odd-atom-AI,27,59,27,32,2.5,0.5,2,1,48828.801,,2,2,6,2,4,7,4,0,0,0,0,0,0,0
3d7.(2D).4s4.(3P),4F*,,,,1.079,1.079,,Coi-odd-atom-AI,27,59,27,32,2.5,1.5,3,1,49847.05,,2,2,6,2,4,7,4,0,0,0,0,0,0,0
3d8.(1G).4p.(2P),2F*,,,,0.905,0.905,,Coi-odd-atom-AI,27,59,27,32,2.5,0.5,3,1,50712.401,,2,2,6,2,6,8,0,1,0,0,0,0,0,0
3d8.(3F).5p.(2P),4D*,,,,1.283,1.283,,Coi-odd-atom-AI,27,59,27,32,2.5,1.5,2,1,51139.346,,2,2,6,2,6,8,0,0,0,0,1,0,0,0
3d7.(2D).4s4.(3P),4P*,,,,1.578,1.578,,Coi-odd-atom-AI,27,59,27,32,2.5,1.5,1,1,51159.98,,2,2,6,2,4,7,4,0,0,0,0,0,0,0
3d8.(3F).5p.(2P),4D*,,,,1.241,1.241,,Coi-odd-atom-AI,27,59,27,32,2.5,1.5,2,1,51863.148,,2,2,6,2,6,8,0,0,0,0,1,0,0,0
3d8.(3F).5p.(2P),4F*,,,,0.989,0.989,,Coi-odd-atom-AI,27,59,27,32,2.5,1.5,3,1,51989.373,,2,2,6,2,6,8,0,0,0,0,1,0,0,0
3d8.(3F).5p.(2P),4G*,,,,0.61,0.61,,Coi-odd-atom-AI,27,59,27,32,2.5,1.5,4,1,52476.584,,2,2,6,2,6,8,0,0,0,0,1,0,0,0
3d8.(3F).5p.(2P),2F*,,,,0.92,0.92,,Coi-odd-atom-AI,27,59,27,32,2.5,0.5,3,1,52578.1,,2,2,6,2,6,8,0,0,0,0,1,0,0,0
3d7.(2D).4s4.(3P),2F*,,,,0.883,0.883,,Coi-odd-atom-AI,27,59,27,32,2.5,0.5,3,1,52796.106,,2,2,6,2,4,7,4,0,0,0,0,0,0,0
3d7.(2D).4s4.(3P),2D*,,,,1.206,1.206,,Coi-odd-atom-AI,27,59,27,32,2.5,0.5,2,1,53195.946,,2,2,6,2,4,7,4,0,0,0,0,0,0,0
3d7.(4F).4s5.(3P),6D*,,,,1.538,1.538,,Coi-odd-atom-AI,27,59,27,32,2.5,2.5,2,1,53387.654,,2,2,6,2,3,7,5,0,0,0,0,0,0,0
3d7.(4F).4s5.(3P),6F*,,,,1.285,1.285,,Coi-odd-atom-AI,27,59,27,32,2.5,2.5,3,1,53874.188,,2,2,6,2,3,7,5,0,0,0,0,0,0,0
3d7.(4F).4s5.(3P),6G*,,,,0.994,0.994,,Coi-odd-atom-AI,27,59,27,32,2.5,2.5,4,1,54372.703,,2,2,6,2,3,7,5,0,0,0,0,0,0,0
3d7.(4F).4s5.(3P),4D*,,,,1.329,1.329,,Coi-odd-atom-AI,27,59,27,32,2.5,1.5,2,1,54958.984,,2,2,6,2,3,7,5,0,0,0,0,0,0,0
3d7.(4P).4s4.(1P),4D*,,,,1.539,1.539,,Coi-odd-atom-AI,27,59,27,32,2.5,1.5,2,1,55061.427,,2,2,6,2,4,7,4,0,0,0,0,0,0,0
3d7.(4F).4s5.(3P),4F*,,,,1.17,1.17,,Coi-odd-atom-AI,27,59,27,32,2.5,1.5,3,1,55386.38,,2,2,6,2,3,7,5,0,0,0,0,0,0,0
3d7.(4P).4s4.(1P),4P*,,,,1.554,1.554,,Coi-odd-atom-AI,27,59,27,32,2.5,1.5,1,1,55508.717,,2,2,6,2,4,7,4,0,0,0,0,0,0,0
3d7.(4F).4s5.(3P),2F*,,,,0.996,0.996,,Coi-odd-atom-AI,27,59,27,32,2.5,0.5,3,1,59020.985,,2,2,6,2,3,7,5,0,0,0,0,0,0,0
3d7.(4F).4s4.(3P),6F*,,,,1.436,1.436,,Coi-odd-atom-AI,27,59,27,32,3.5,2.5,3,1,24326.055,,2,2,6,2,4,7,4,0,0,0,0,0,0,0
3d7.(4F).4s4.(3P),6D*,,,,1.55,1.55,,Coi-odd-atom-AI,27,59,27,32,3.5,2.5,2,1,25269.2,,2,2,6,2,4,7,4,0,0,0,0,0,0,0
3d7.(4F).4s4.(3P),6G*,,,,1.15,1.15,,Coi-odd-atom-AI,27,59,27,32,3.5,2.5,4,1,26232.02,,2,2,6,2,4,7,4,0,0,0,0,0,0,0
3d7.(4F).4s4.(3P),4F*,,,,1.247,1.247,,Coi-odd-atom-AI,27,59,27,32,3.5,1.5,3,1,28777.236,,2,2,6,2,4,7,4,0,0,0,0,0,0,0
3d7.(4F).4s4.(3P),4D*,,,,1.425,1.425,,Coi-odd-atom-AI,27,59,27,32,3.5,1.5,2,1,29294.482,,2,2,6,2,4,7,4,0,0,0,0,0,0,0
3d7.(4F).4s4.(3P),4G*,,,,0.995,0.995,,Coi-odd-atom-AI,27,59,27,32,3.5,1.5,4,1,29735.131,,2,2,6,2,4,7,4,0,0,0,0,0,0,0
3d7.(4F).4s4.(3P),2F*,,,,1.777,1.777,,Coi-odd-atom-AI,27,59,27,32,3.5,0.5,3,1,31871.118,,2,2,6,2,4,7,4,0,0,0,0,0,0,0
3d7.(4F).4s4.(3P),2F*,,,,1.395,1.395,,Coi-odd-atom-AI,27,59,27,32,3.5,0.5,3,1,32027.44,,2,2,6,2,4,7,4,0,0,0,0,0,0,0
3d7.(4F).4s4.(3P),2G*,,,,0.899,0.899,,Coi-odd-atom-AI,27,59,27,32,3.5,0.5,4,1,32733.008,,2,2,6,2,4,7,4,0,0,0,0,0,0,0
3d8.(3F).4p.(2P),4G*,,,,1.039,1.039,,Coi-odd-atom-AI,27,59,27,32,3.5,1.5,4,1,33173.313,,2,2,6,2,6,8,0,1,0,0,0,0,0,0
3d8.(3F).4p.(2P),4F*,,,,1.155,1.155,,Coi-odd-atom-AI,27,59,27,32,3.5,1.5,3,1,33466.823,,2,2,6,2,6,8,0,1,0,0,0,0,0,0
3d8.(3F).4p.(2P),2G*,,,,0.917,0.917,,Coi-odd-atom-AI,27,59,27,32,3.5,0.5,4,1,34133.537,,2,2,6,2,6,8,0,1,0,0,0,0,0,0
3d8.(3F).4p.(2P),2F*,,,,1.145,1.145,,Coi-odd-atom-AI,27,59,27,32,3.5,0.5,3,1,35450.503,,2,2,6,2,6,8,0,1,0,0,0,0,0,0
3d7.(4P).4s4.(3P),6D*,,,,1.588,1.588,,Coi-odd-atom-AI,27,59,27,32,3.5,2.5,2,1,38845.373,,2,2,6,2,4,7,4,0,0,0,0,0,0,0
3d7.(4F).4s4.(1P),4D*,,,,1.428,1.428,,Coi-odd-atom-AI,27,59,27,32,3.5,1.5,2,1,39649.124,,2,2,6,2,4,7,4,0,0,0,0,0,0,0
3d7.(4P).4s4.(3P),6P*,,,,1.4,1.4,,Coi-odd-atom-AI,27,59,27,32,3.5,2.5,1,1,41041.348,,2,2,6,2,4,7,4,0,0,0,0,0,0,0
3d7.(4F).4s4.(1P),4F*,,,,1.248,1.248,,Coi-odd-atom-AI,27,59,27,32,3.5,1.5,3,1,41918.353,,2,2,6,2,4,7,4,0,0,0,0,0,0,0
3d7.(4F).4s4.(1P),4G*,,,,1.004,1.004,,Coi-odd-atom-AI,27,59,27,32,3.5,1.5,4,1,42811.351,,2,2,6,2,4,7,4,0,0,0,0,0,0,0
3d7.(2G).4s4.(3P),4H*,,,,0.686,0.686,,Coi-odd-atom-AI,27,59,27,32,3.5,1.5,5,1,43211.083,,2,2,6,2,4,7,4,0,0,0,0,0,0,0
3d7.(4P).4s4.(3P),4D*,,,,1.334,1.334,,Coi-odd-atom-AI,27,59,27,32,3.5,1.5,2,1,43398.557,,2,2,6,2,4,7,4,0,0,0,0,0,0,0
3d8.(1D).4p.(2P),2F*,,,,1.229,1.229,,Coi-odd-atom-AI,27,59,27,32,3.5,0.5,3,1,43555.15,,2,2,6,2,6,8,0,1,0,0,0,0,0,0
3d7.(2G).4s4.(3P),4F*,,,,1.197,1.197,,Coi-odd-atom-AI,27,59,27,32,3.5,1.5,3,1,43847.891,,2,2,6,2,4,7,4,0,0,0,0,0,0,0
3d7.(2G).4s4.(3P),4G*,,,,1.004,1.004,,Coi-odd-atom-AI,27,59,27,32,3.5,1.5,4,1,44394.36,,2,2,6,2,4,7,4,0,0,0,0,0,0,0
3d7.(2G).4s4.(3P),2G*,,,,0.898,0.898,,Coi-odd-atom-AI,27,59,27,32,3.5,0.5,4,1,45766.596,,2,2,6,2,4,7,4,0,0,0,0,0,0,0
3d7.(2P).4s4.(3P),4D*,,,,1.424,1.424,,Coi-odd-atom-AI,27,59,27,32,3.5,1.5,2,1,45971.083,,2,2,6,2,4,7,4,0,0,0,0,0,0,0
3d7.(2P).4s4.(3P),4D*,,,,1.332,1.332,,Coi-odd-atom-AI,27,59,27,32,3.5,1.5,2,1,46872.659,,2,2,6,2,4,7,4,0,0,0,0,0,0,0
3d7.(2G).4s4.(3P),2F*,,,,1.229,1.229,,Coi-odd-atom-AI,27,59,27,32,3.5,0.5,3,1,47225.026,,2,2,6,2,4,7,4,0,0,0,0,0,0,0
3d7.(2H).4s4.(3P),4G*,,,,1.173,1.173,,Coi-odd-atom-AI,27,59,27,32,3.5,1.5,4,1,48317.063,,2,2,6,2,4,7,4,0,0,0,0,0,0,0
3d7.(2H).4s4.(3P),4G*,,,,1.211,1.211,,Coi-odd-atom-AI,27,59,27,32,3.5,1.5,4,1,48217.26,,2,2,6,2,4,7,4,0,0,0,0,0,0,0
3d7.(2D).4s4.(3P),4F*,,,,1.26,1.26,,Coi-odd-atom-AI,27,59,27,32,3.5,1.5,3,1,49483.975,,2,2,6,2,4,7,4,0,0,0,0,0,0,0
3d8.(1G).4p.(2P),2G*,,,,0.82,0.82,,Coi-odd-atom-AI,27,59,27,32,3.5,0.5,4,1,50611.197,,2,2,6,2,6,8,0,1,0,0,0,0,0,0
3d8.(1G).4p.(2P),2F*,,,,1.125,1.125,,Coi-odd-atom-AI,27,59,27,32,3.5,0.5,3,1,50578.643,,2,2,6,2,6,8,0,1,0,0,0,0,0,0
3d8.(3F).5p.(2P),4D*,,,,1.458,1.458,,Coi-odd-atom-AI,27,59,27,32,3.5,1.5,2,1,50741.617,,2,2,6,2,6,8,0,0,0,0,1,0,0,0
3d7.(2H).4s4.(3P),4H*,,,,0.698,0.698,,Coi-odd-atom-AI,27,59,27,32,3.5,1.5,5,1,51184.571,,2,2,6,2,4,7,4,0,0,0,0,0,0,0
3d8.(3F).5p.(2P),2G*,,,,1.003,1.003,,Coi-odd-atom-AI,27,59,27,32,3.5,0.5,4,1,51731.562,,2,2,6,2,6,8,0,0,0,0,1,0,0,0
3d8.(3F).5p.(2P),2F*,,,,1.14,1.14,,Coi-odd-atom-AI,27,59,27,32,3.5,0.5,3,1,51896.627,,2,2,6,2,6,8,0,0,0,0,1,0,0,0
3d8.(3F).5p.(2P),4G*,,,,0.98,0.98,,Coi-odd-atom-AI,27,59,27,32,3.5,1.5,4,1,52390.278,,2,2,6,2,6,8,0,0,0,0,1,0,0,0
3d7.(4F).4s5.(3P),6D*,,,,1.536,1.536,,Coi-odd-atom-AI,27,59,27,32,3.5,2.5,2,1,52920.731,,2,2,6,2,3,7,5,0,0,0,0,0,0,0
3d7.(2D).4s4.(3P),2F*,,,,1.136,1.136,,Coi-odd-atom-AI,27,59,27,32,3.5,0.5,3,1,53103.692,,2,2,6,2,4,7,4,0,0,0,0,0,0,0
3d7.(2H).4s4.(3P),2G*,,,,0.888,0.888,,Coi-odd-atom-AI,27,59,27,32,3.5,0.5,4,1,53373.425,,2,2,6,2,4,7,4,0,0,0,0,0,0,0
3d7.(4F).4s5.(3P),6F*,,,,1.368,1.368,,Coi-odd-atom-AI,27,59,27,32,3.5,2.5,3,1,53517.201,,2,2,6,2,3,7,5,0,0,0,0,0,0,0
3d7.(4F).4s5.(3P),6G*,,,,1.209,1.209,,Coi-odd-atom-AI,27,59,27,32,3.5,2.5,4,1,54101.147,,2,2,6,2,3,7,5,0,0,0,0,0,0,0
3d7.(4F).4s5.(3P),4D*,,,,1.416,1.416,,Coi-odd-atom-AI,27,59,27,32,3.5,1.5,2,1,54398.578,,2,2,6,2,3,7,5,0,0,0,0,0,0,0
3d7.(4F).4s5.(3P),4F*,,,,1.192,1.192,,Coi-odd-atom-AI,27,59,27,32,3.5,1.5,3,1,54932.253,,2,2,6,2,3,7,5,0,0,0,0,0,0,0
3d7.(4P).4s4.(1P),4D*,,,,1.426,1.426,,Coi-odd-atom-AI,27,59,27,32,3.5,1.5,2,1,55120.2,,2,2,6,2,4,7,4,0,0,0,0,0,0,0
3d7.(4F).4s5.(3P),2F*,,,,1.167,1.167,,Coi-odd-atom-AI,27,59,27,32,3.5,0.5,3,1,58173.375,,2,2,6,2,3,7,5,0,0,0,0,0,0,0
3d7.(2G).4s4.(1P),2G*,,,,0.914,0.914,,Coi-odd-atom-AI,27,59,27,32,3.5,0.5,4,1,59388.828,,2,2,6,2,4,7,4,0,0,0,0,0,0,0
3d7.(4F).4s4.(3P),6F*,,,,1.481,1.481,,Coi-odd-atom-AI,27,59,27,32,4.5,2.5,3,1,23855.594,,2,2,6,2,4,7,4,0,0,0,0,0,0,0
3d7.(4F).4s4.(3P),6D*,,,,1.569,1.569,,Coi-odd-atom-AI,27,59,27,32,4.5,2.5,2,1,24627.743,,2,2,6,2,4,7,4,0,0,0,0,0,0,0
3d7.(4F).4s4.(3P),6G*,,,,1.281,1.281,,Coi-odd-atom-AI,27,59,27,32,4.5,2.5,4,1,25937.564,,2,2,6,2,4,7,4,0,0,0,0,0,0,0
3d7.(4F).4s4.(3P),4F*,,,,1.33,1.33,,Coi-odd-atom-AI,27,59,27,32,4.5,1.5,3,1,28345.814,,2,2,6,2,4,7,4,0,0,0,0,0,0,0
3d7.(4F).4s4.(3P),4G*,,,,1.175,1.175,,Coi-odd-atom-AI,27,59,27,32,4.5,1.5,4,1,29269.675,,2,2,6,2,4,7,4,0,0,0,0,0,0,0
3d7.(4F).4s4.(3P),2G*,,,,1.126,1.126,,Coi-odd-atom-AI,27,59,27,32,4.5,0.5,4,1,31699.638,,2,2,6,2,4,7,4,0,0,0,0,0,0,0
3d8.(3F).4p.(2P),4G*,,,,1.154,1.154,,Coi-odd-atom-AI,27,59,27,32,4.5,1.5,4,1,32464.688,,2,2,6,2,6,8,0,1,0,0,0,0,0,0
3d8.(3F).4p.(2P),4F*,,,,1.313,1.313,,Coi-odd-atom-AI,27,59,27,32,4.5,1.5,3,1,32841.916,,2,2,6,2,6,8,0,1,0,0,0,0,0,0
3d8.(3F).4p.(2P),4G*,,,,1.165,1.165,,Coi-odd-atom-AI,27,59,27,32,4.5,1.5,4,1,33439.661,,2,2,6,2,6,8,0,1,0,0,0,0,0,0
3d7.(4P).4s4.(3P),6D*,,,,1.556,1.556,,Coi-odd-atom-AI,27,59,27,32,4.5,2.5,2,1,38832.218,,2,2,6,2,4,7,4,0,0,0,0,0,0,0
3d7.(4F).4s4.(1P),4F*,,,,1.319,1.319,,Coi-odd-atom-AI,27,59,27,32,4.5,1.5,3,1,41225.71,,2,2,6,2,4,7,4,0,0,0,0,0,0,0
3d7.(4F).4s4.(1P),4G*,,,,1.169,1.169,,Coi-odd-atom-AI,27,59,27,32,4.5,1.5,4,1,42269.229,,2,2,6,2,4,7,4,0,0,0,0,0,0,0
3d7.(2G).4s4.(3P),4H*,,,,0.985,0.985,,Coi-odd-atom-AI,27,59,27,32,4.5,1.5,5,1,42988.029,,2,2,6,2,4,7,4,0,0,0,0,0,0,0
3d7.(2G).4s4.(3P),4F*,,,,1.295,1.295,,Coi-odd-atom-AI,27,59,27,32,4.5,1.5,3,1,43295.293,,2,2,6,2,4,7,4,0,0,0,0,0,0,0
3d7.(2G).4s4.(3P),4G*,,,,1.163,1.163,,Coi-odd-atom-AI,27,59,27,32,4.5,1.5,4,1,44183.169,,2,2,6,2,4,7,4,0,0,0,0,0,0,0
3d7.(2G).4s4.(3P),2H*,,,,0.897,0.897,,Coi-odd-atom-AI,27,59,27,32,4.5,0.5,5,1,45111.408,,2,2,6,2,4,7,4,0,0,0,0,0,0,0
3d7.(2G).4s4.(3P),2G*,,,,1.131,1.131,,Coi-odd-atom-AI,27,59,27,32,4.5,0.5,4,1,46032.095,,2,2,6,2,4,7,4,0,0,0,0,0,0,0
3d7.(2H).4s4.(3P),4G*,,,,1.172,1.172,,Coi-odd-atom-AI,27,59,27,32,4.5,1.5,4,1,47838.985,,2,2,6,2,4,7,4,0,0,0,0,0,0,0
3d7.(2H).4s4.(3P),4I*,,,,0.738,0.738,,Coi-odd-atom-AI,27,59,27,32,4.5,1.5,6,1,48105.962,,2,2,6,2,4,7,4,0,0,0,0,0,0,0
3d7.(2D).4s4.(3P),4F*,,,,1.334,1.334,,Coi-odd-atom-AI,27,59,27,32,4.5,1.5,3,1,49197.654,,2,2,6,2,4,7,4,0,0,0,0,0,0,0
3d8.(1G).4p.(2P),2H*,,,,0.899,0.899,,Coi-odd-atom-AI,27,59,27,32,4.5,0.5,5,1,50210.743,,2,2,6,2,6,8,0,1,0,0,0,0,0,0
3d8.(1G).4p.(2P),2G*,,,,1.1,1.1,,Coi-odd-atom-AI,27,59,27,32,4.5,0.5,4,1,50593.29,,2,2,6,2,6,8,0,1,0,0,0,0,0,0
3d8.(3F).5p.(2P),2G*,,,,1.121,1.121,,Coi-odd-atom-AI,27,59,27,32,4.5,0.5,4,1,50738.176,,2,2,6,2,6,8,0,0,0,0,1,0,0,0
3d8.(3F).5p.(2P),4F*,,,,1.289,1.289,,Coi-odd-atom-AI,27,59,27,32,4.5,1.5,3,1,50979.758,,2,2,6,2,6,8,0,0,0,0,1,0,0,0
3d7.(2H).4s4.(3P),4H*,,,,0.941,0.941,,Coi-odd-atom-AI,27,59,27,32,4.5,1.5,5,1,50902.534,,2,2,6,2,4,7,4,0,0,0,0,0,0,0
3d8.(3F).5p.(2P),4G*,,,,1.171,1.171,,Coi-odd-atom-AI,27,59,27,32,4.5,1.5,4,1,51803.311,,2,2,6,2,6,8,0,0,0,0,1,0,0,0
3d7.(4F).4s5.(3P),6D*,,,,1.54,1.54,,Coi-odd-atom-AI,27,59,27,32,4.5,2.5,2,1,52361.974,,2,2,6,2,3,7,5,0,0,0,0,0,0,0
3d7.(4F).4s5.(3P),6F*,,,,1.414,1.414,,Coi-odd-atom-AI,27,59,27,32,4.5,2.5,3,1,53065.508,,2,2,6,2,3,7,5,0,0,0,0,0,0,0
3d7.(2H).4s4.(3P),2G*,,,,1.124,1.124,,Coi-odd-atom-AI,27,59,27,32,4.5,0.5,4,1,53275.956,,2,2,6,2,4,7,4,0,0,0,0,0,0,0
3d7.(4F).4s5.(3P),6G*,,,,1.3,1.3,,Coi-odd-atom-AI,27,59,27,32,4.5,2.5,4,1,53729.716,,2,2,6,2,3,7,5,0,0,0,0,0,0,0
3d7.(4F).4s5.(3P),4F*,,,,1.316,1.316,,Coi-odd-atom-AI,27,59,27,32,4.5,1.5,3,1,54277.671,,2,2,6,2,3,7,5,0,0,0,0,0,0,0
3d7.(2H).4s4.(3P),2H*,,,,0.91,0.91,,Coi-odd-atom-AI,27,59,27,32,4.5,0.5,5,1,54860.935,,2,2,6,2,4,7,4,0,0,0,0,0,0,0
3d7.(4F).4s5.(3P),4G*,,,,1.199,1.199,,Coi-odd-atom-AI,27,59,27,32,4.5,1.5,4,1,54791.088,,2,2,6,2,3,7,5,0,0,0,0,0,0,0
3d7.(2G).4s4.(3P),2H*,,,,0.939,0.939,,Coi-odd-atom-AI,27,59,27,32,4.5,0.5,5,1,58187.274,,2,2,6,2,4,7,4,0,0,0,0,0,0,0
3d8.(3F).6p.(2P),2G*,,,,1.103,1.103,,Coi-odd-atom-AI,27,59,27,32,4.5,0.5,4,1,58589.076,,2,2,6,2,6,8,0,0,0,0,0,0,0,1
3d7.(4F).4s4.(3P),6F*,,,,1.466,1.466,,Coi-odd-atom-AI,27,59,27,32,5.5,2.5,3,1,23611.694,,2,2,6,2,4,7,4,0,0,0,0,0,0,0
3d7.(4F).4s4.(3P),6G*,,,,1.354,1.354,,Coi-odd-atom-AI,27,59,27,32,5.5,2.5,4,1,25568.635,,2,2,6,2,4,7,4,0,0,0,0,0,0,0
3d7.(4F).4s4.(3P),4G*,,,,1.276,1.276,,Coi-odd-atom-AI,27,59,27,32,5.5,1.5,4,1,28845.165,,2,2,6,2,4,7,4,0,0,0,0,0,0,0
3d8.(3F).4p.(2P),4G*,,,,1.287,1.287,,Coi-odd-atom-AI,27,59,27,32,5.5,1.5,4,1,32430.535,,2,2,6,2,6,8,0,1,0,0,0,0,0,0
3d7.(4F).4s4.(1P),4G*,,,,1.291,1.291,,Coi-odd-atom-AI,27,59,27,32,5.5,1.5,4,1,41528.455,,2,2,6,2,4,7,4,0,0,0,0,0,0,0
3d7.(2G).4s4.(3P),4H*,,,,1.137,1.137,,Coi-odd-atom-AI,27,59,27,32,5.5,1.5,5,1,42866.715,,2,2,6,2,4,7,4,0,0,0,0,0,0,0
3d7.(2G).4s4.(3P),4G*,,,,1.279,1.279,,Coi-odd-atom-AI,27,59,27,32,5.5,1.5,4,1,43951.907,,2,2,6,2,4,7,4,0,0,0,0,0,0,0
3d7.(2G).4s4.(3P),2H*,,,,1.097,1.097,,Coi-odd-atom-AI,27,59,27,32,5.5,0.5,5,1,45540.19,,2,2,6,2,4,7,4,0,0,0,0,0,0,0
3d7.(2H).4s4.(3P),4G*,,,,1.273,1.273,,Coi-odd-atom-AI,27,59,27,32,5.5,1.5,4,1,47395.638,,2,2,6,2,4,7,4,0,0,0,0,0,0,0
3d7.(2H).4s4.(3P),4I*,,,,0.968,0.968,,Coi-odd-atom-AI,27,59,27,32,5.5,1.5,6,1,47898.312,,2,2,6,2,4,7,4,0,0,0,0,0,0,0
3d7.(2H).4s4.(3P),2I*,,,,0.938,0.938,,Coi-odd-atom-AI,27,59,27,32,5.5,0.5,6,1,49952.488,,2,2,6,2,4,7,4,0,0,0,0,0,0,0
3d8.(1G).4p.(2P),2H*,,,,1.091,1.091,,Coi-odd-atom-AI,27,59,27,32,5.5,0.5,5,1,50375.835,,2,2,6,2,6,8,0,1,0,0,0,0,0,0
3d7.(2H).4s4.(3P),4H*,,,,1.11,1.11,,Coi-odd-atom-AI,27,59,27,32,5.5,1.5,5,1,50703.011,,2,2,6,2,4,7,4,0,0,0,0,0,0,0
3d8.(3F).5p.(2P),4G*,,,,1.273,1.273,,Coi-odd-atom-AI,27,59,27,32,5.5,1.5,4,1,50932.63,,2,2,6,2,6,8,0,0,0,0,1,0,0,0
3d7.(4F).4s5.(3P),6F*,,,,1.443,1.443,,Coi-odd-atom-AI,27,59,27,32,5.5,2.5,3,1,52543.444,,2,2,6,2,3,7,5,0,0,0,0,0,0,0
3d7.(4F).4s5.(3P),6G*,,,,1.349,1.349,,Coi-odd-atom-AI,27,59,27,32,5.5,2.5,4,1,53265.981,,2,2,6,2,3,7,5,0,0,0,0,0,0,0
3d7.(4F).4s5.(1P),4G*,,,,1.279,1.279,,Coi-odd-atom-AI,27,59,27,32,5.5,1.5,4,1,54098.422,,2,2,6,2,3,7,5,0,0,0,0,0,0,0
3d7.(2H).4s4.(3P),2H*,,,,1.092,1.092,,Coi-odd-atom-AI,27,59,27,32,5.5,0.5,5,1,54873.996,,2,2,6,2,4,7,4,0,0,0,0,0,0,0
3d7.(4F).4s6.(3P),6F*,,,,1.442,1.442,,Coi-odd-atom-AI,27,59,27,32,5.5,2.5,3,1,59947.83,,2,2,6,2,2,7,6,0,0,0,0,0,0,0
3d7.(4F).4s4.(3P),6G*,,,,1.4,1.4,,Coi-odd-atom-AI,27,59,27,32,6.5,2.5,4,1,25138.806,,2,2,6,2,4,7,4,0,0,0,0,0,0,0
3d7.(4F).4s5.(3P),6G*,,,,1.385,1.385,,Coi-odd-atom-AI,27,59,27,32,6.5,2.5,4,1,52785.854,,2,2,6,2,3,7,5,0,0,0,0,0,0,0
3d7.(4F).4s6.(3P),6G*,,,,1.385,1.385,,Coi-odd-atom-AI,27,59,27,32,6.5,2.5,4,1,59951.3,,2,2,6,2,2,7,6,0,0,0,0,0,0,0
